venue,market,observation_type,source_timestamp,received_at,side,level_index,price,size,size_units,timestamp_semantics,size_semantics,precision,quality_flags,raw_ref
lighter,market_id=145,order_book_level,,2026-08-11T01:52:35.525395+00:00,bid,0,82.008,109.744,base,missing_source_timestamp,order_level_remaining,supported_price_decimals/supported_size_decimals,,lab/data/day8_raw/lighter_wti_book_ok.json
lighter,market_id=145,order_book_level,,2026-08-11T01:52:35.525395+00:00,bid,1,82.004,93.984,base,missing_source_timestamp,order_level_remaining,supported_price_decimals/supported_size_decimals,,lab/data/day8_raw/lighter_wti_book_ok.json
lighter,market_id=145,order_book_level,,2026-08-11T01:52:35.525395+00:00,bid,2,82.003,114.05,base,missing_source_timestamp,order_level_remaining,supported_price_decimals/supported_size_decimals,,lab/data/day8_raw/lighter_wti_book_ok.json
lighter,market_id=145,order_book_level,,2026-08-11T01:52:35.525395+00:00,bid,3,82.001,93.984,base,missing_source_timestamp,order_level_remaining,supported_price_decimals/supported_size_decimals,,lab/data/day8_raw/lighter_wti_book_ok.json
lighter,market_id=145,order_book_level,,2026-08-11T01:52:35.525395+00:00,bid,4,81.999,3.659,base,missing_source_timestamp,order_level_remaining,supported_price_decimals/supported_size_decimals,,lab/data/day8_raw/lighter_wti_book_ok.json
lighter,market_id=145,order_book_level,,2026-08-11T01:52:35.525395+00:00,bid,5,81.998,109.763,base,missing_source_timestamp,order_level_remaining,supported_price_decimals/supported_size_decimals,,lab/data/day8_raw/lighter_wti_book_ok.json
lighter,market_id=145,order_book_level,,2026-08-11T01:52:35.525395+00:00,bid,6,81.998,18.37,base,missing_source_timestamp,order_level_remaining,supported_price_decimals/supported_size_decimals,,lab/data/day8_raw/lighter_wti_book_ok.json
lighter,market_id=145,order_book_level,,2026-08-11T01:52:35.525395+00:00,bid,7,81.998,4.468,base,missing_source_timestamp,order_level_remaining,supported_price_decimals/supported_size_decimals,,lab/data/day8_raw/lighter_wti_book_ok.json
lighter,market_id=145,order_book_level,,2026-08-11T01:52:35.525395+00:00,bid,8,81.994,3.659,base,missing_source_timestamp,order_level_remaining,supported_price_decimals/supported_size_decimals,,lab/data/day8_raw/lighter_wti_book_ok.json
lighter,market_id=145,order_book_level,,2026-08-11T01:52:35.525395+00:00,bid,9,81.992,93.984,base,missing_source_timestamp,order_level_remaining,supported_price_decimals/supported_size_decimals,,lab/data/day8_raw/lighter_wti_book_ok.json
lighter,market_id=145,order_book_level,,2026-08-11T01:52:35.525395+00:00,bid,10,81.99,93.984,base,missing_source_timestamp,order_level_remaining,supported_price_decimals/supported_size_decimals,,lab/data/day8_raw/lighter_wti_book_ok.json
lighter,market_id=145,order_book_level,,2026-08-11T01:52:35.525395+00:00,bid,11,81.99,93.984,base,missing_source_timestamp,order_level_remaining,supported_price_decimals/supported_size_decimals,,lab/data/day8_raw/lighter_wti_book_ok.json
lighter,market_id=145,order_book_level,,2026-08-11T01:52:35.525395+00:00,bid,12,81.989,114.05,base,missing_source_timestamp,order_level_remaining,supported_price_decimals/supported_size_decimals,,lab/data/day8_raw/lighter_wti_book_ok.json
lighter,market_id=145,order_book_level,,2026-08-11T01:52:35.525395+00:00,bid,13,81.988,3.66,base,missing_source_timestamp,order_level_remaining,supported_price_decimals/supported_size_decimals,,lab/data/day8_raw/lighter_wti_book_ok.json
lighter,market_id=145,order_book_level,,2026-08-11T01:52:35.525395+00:00,bid,14,81.987,109.773,base,missing_source_timestamp,order_level_remaining,supported_price_decimals/supported_size_decimals,,lab/data/day8_raw/lighter_wti_book_ok.json
lighter,market_id=145,order_book_level,,2026-08-11T01:52:35.525395+00:00,bid,15,81.983,3.66,base,missing_source_timestamp,order_level_remaining,supported_price_decimals/supported_size_decimals,,lab/data/day8_raw/lighter_wti_book_ok.json
lighter,market_id=145,order_book_level,,2026-08-11T01:52:35.525395+00:00,bid,16,81.978,3.66,base,missing_source_timestamp,order_level_remaining,supported_price_decimals/supported_size_decimals,,lab/data/day8_raw/lighter_wti_book_ok.json
lighter,market_id=145,order_book_level,,2026-08-11T01:52:35.525395+00:00,bid,17,81.977,109.787,base,missing_source_timestamp,order_level_remaining,supported_price_decimals/supported_size_decimals,,lab/data/day8_raw/lighter_wti_book_ok.json
lighter,market_id=145,order_book_level,,2026-08-11T01:52:35.525395+00:00,bid,18,81.976,975.58,base,missing_source_timestamp,order_level_remaining,supported_price_decimals/supported_size_decimals,,lab/data/day8_raw/lighter_wti_book_ok.json
lighter,market_id=145,order_book_level,,2026-08-11T01:52:35.525395+00:00,bid,19,81.975,114.05,base,missing_source_timestamp,order_level_remaining,supported_price_decimals/supported_size_decimals,,lab/data/day8_raw/lighter_wti_book_ok.json
lighter,market_id=145,order_book_level,,2026-08-11T01:52:35.525395+00:00,ask,0,82.014,0.635,base,missing_source_timestamp,order_level_remaining,supported_price_decimals/supported_size_decimals,,lab/data/day8_raw/lighter_wti_book_ok.json
lighter,market_id=145,order_book_level,,2026-08-11T01:52:35.525395+00:00,ask,1,82.015,109.776,base,missing_source_timestamp,order_level_remaining,supported_price_decimals/supported_size_decimals,,lab/data/day8_raw/lighter_wti_book_ok.json
lighter,market_id=145,order_book_level,,2026-08-11T01:52:35.525395+00:00,ask,2,82.017,12.188,base,missing_source_timestamp,order_level_remaining,supported_price_decimals/supported_size_decimals,,lab/data/day8_raw/lighter_wti_book_ok.json
lighter,market_id=145,order_book_level,,2026-08-11T01:52:35.525395+00:00,ask,3,82.024,124,base,missing_source_timestamp,order_level_remaining,supported_price_decimals/supported_size_decimals,,lab/data/day8_raw/lighter_wti_book_ok.json
lighter,market_id=145,order_book_level,,2026-08-11T01:52:35.525395+00:00,ask,4,82.028,1.96,base,missing_source_timestamp,order_level_remaining,supported_price_decimals/supported_size_decimals,,lab/data/day8_raw/lighter_wti_book_ok.json
lighter,market_id=145,order_book_level,,2026-08-11T01:52:35.525395+00:00,ask,5,82.03,93.984,base,missing_source_timestamp,order_level_remaining,supported_price_decimals/supported_size_decimals,,lab/data/day8_raw/lighter_wti_book_ok.json
lighter,market_id=145,order_book_level,,2026-08-11T01:52:35.525395+00:00,ask,6,82.034,41.271,base,missing_source_timestamp,order_level_remaining,supported_price_decimals/supported_size_decimals,,lab/data/day8_raw/lighter_wti_book_ok.json
lighter,market_id=145,order_book_level,,2026-08-11T01:52:35.525395+00:00,ask,7,82.035,93.984,base,missing_source_timestamp,order_level_remaining,supported_price_decimals/supported_size_decimals,,lab/data/day8_raw/lighter_wti_book_ok.json
lighter,market_id=145,order_book_level,,2026-08-11T01:52:35.525395+00:00,ask,8,82.037,3.657,base,missing_source_timestamp,order_level_remaining,supported_price_decimals/supported_size_decimals,,lab/data/day8_raw/lighter_wti_book_ok.json
lighter,market_id=145,order_book_level,,2026-08-11T01:52:35.525395+00:00,ask,9,82.042,3.657,base,missing_source_timestamp,order_level_remaining,supported_price_decimals/supported_size_decimals,,lab/data/day8_raw/lighter_wti_book_ok.json
lighter,market_id=145,order_book_level,,2026-08-11T01:52:35.525395+00:00,ask,10,82.045,18.37,base,missing_source_timestamp,order_level_remaining,supported_price_decimals/supported_size_decimals,,lab/data/day8_raw/lighter_wti_book_ok.json
lighter,market_id=145,order_book_level,,2026-08-11T01:52:35.525395+00:00,ask,11,82.047,3.657,base,missing_source_timestamp,order_level_remaining,supported_price_decimals/supported_size_decimals,,lab/data/day8_raw/lighter_wti_book_ok.json
lighter,market_id=145,order_book_level,,2026-08-11T01:52:35.525395+00:00,ask,12,82.048,0.147,base,missing_source_timestamp,order_level_remaining,supported_price_decimals/supported_size_decimals,,lab/data/day8_raw/lighter_wti_book_ok.json
lighter,market_id=145,order_book_level,,2026-08-11T01:52:35.525395+00:00,ask,13,82.048,313.281,base,missing_source_timestamp,order_level_remaining,supported_price_decimals/supported_size_decimals,,lab/data/day8_raw/lighter_wti_book_ok.json
lighter,market_id=145,order_book_level,,2026-08-11T01:52:35.525395+00:00,ask,14,82.052,3.156,base,missing_source_timestamp,order_level_remaining,supported_price_decimals/supported_size_decimals,,lab/data/day8_raw/lighter_wti_book_ok.json
lighter,market_id=145,order_book_level,,2026-08-11T01:52:35.525395+00:00,ask,15,82.052,3.657,base,missing_source_timestamp,order_level_remaining,supported_price_decimals/supported_size_decimals,,lab/data/day8_raw/lighter_wti_book_ok.json
lighter,market_id=145,order_book_level,,2026-08-11T01:52:35.525395+00:00,ask,16,82.054,55.79,base,missing_source_timestamp,order_level_remaining,supported_price_decimals/supported_size_decimals,,lab/data/day8_raw/lighter_wti_book_ok.json
lighter,market_id=145,order_book_level,,2026-08-11T01:52:35.525395+00:00,ask,17,82.055,0.609,base,missing_source_timestamp,order_level_remaining,supported_price_decimals/supported_size_decimals,,lab/data/day8_raw/lighter_wti_book_ok.json
lighter,market_id=145,order_book_level,,2026-08-11T01:52:35.525395+00:00,ask,18,82.057,3.656,base,missing_source_timestamp,order_level_remaining,supported_price_decimals/supported_size_decimals,,lab/data/day8_raw/lighter_wti_book_ok.json
lighter,market_id=145,order_book_level,,2026-08-11T01:52:35.525395+00:00,ask,19,82.062,3.656,base,missing_source_timestamp,order_level_remaining,supported_price_decimals/supported_size_decimals,,lab/data/day8_raw/lighter_wti_book_ok.json
lighter,market_id=159,order_book_level,,2026-08-11T01:52:35.515567+00:00,bid,0,87.12,86.0881,base,missing_source_timestamp,order_level_remaining,supported_price_decimals/supported_size_decimals,,lab/data/day8_raw/lighter_brent_book_ok.json
lighter,market_id=159,order_book_level,,2026-08-11T01:52:35.515567+00:00,bid,1,87.11,66.5807,base,missing_source_timestamp,order_level_remaining,supported_price_decimals/supported_size_decimals,,lab/data/day8_raw/lighter_brent_book_ok.json
lighter,market_id=159,order_book_level,,2026-08-11T01:52:35.515567+00:00,bid,2,87.11,1.5342,base,missing_source_timestamp,order_level_remaining,supported_price_decimals/supported_size_decimals,,lab/data/day8_raw/lighter_brent_book_ok.json
lighter,market_id=159,order_book_level,,2026-08-11T01:52:35.515567+00:00,bid,3,87.11,1.4721,base,missing_source_timestamp,order_level_remaining,supported_price_decimals/supported_size_decimals,,lab/data/day8_raw/lighter_brent_book_ok.json
lighter,market_id=159,order_book_level,,2026-08-11T01:52:35.515567+00:00,bid,4,87.11,6.8879,base,missing_source_timestamp,order_level_remaining,supported_price_decimals/supported_size_decimals,,lab/data/day8_raw/lighter_brent_book_ok.json
lighter,market_id=159,order_book_level,,2026-08-11T01:52:35.515567+00:00,bid,5,87.1,86.1037,base,missing_source_timestamp,order_level_remaining,supported_price_decimals/supported_size_decimals,,lab/data/day8_raw/lighter_brent_book_ok.json
lighter,market_id=159,order_book_level,,2026-08-11T01:52:35.515567+00:00,bid,6,87.1,2.07,base,missing_source_timestamp,order_level_remaining,supported_price_decimals/supported_size_decimals,,lab/data/day8_raw/lighter_brent_book_ok.json
lighter,market_id=159,order_book_level,,2026-08-11T01:52:35.515567+00:00,bid,7,87.1,6.8887,base,missing_source_timestamp,order_level_remaining,supported_price_decimals/supported_size_decimals,,lab/data/day8_raw/lighter_brent_book_ok.json
lighter,market_id=159,order_book_level,,2026-08-11T01:52:35.515567+00:00,bid,8,87.1,86.0881,base,missing_source_timestamp,order_level_remaining,supported_price_decimals/supported_size_decimals,,lab/data/day8_raw/lighter_brent_book_ok.json
lighter,market_id=159,order_book_level,,2026-08-11T01:52:35.515567+00:00,bid,9,87.09,68.8982,base,missing_source_timestamp,order_level_remaining,supported_price_decimals/supported_size_decimals,,lab/data/day8_raw/lighter_brent_book_ok.json
lighter,market_id=159,order_book_level,,2026-08-11T01:52:35.515567+00:00,bid,10,87.09,6.8895,base,missing_source_timestamp,order_level_remaining,supported_price_decimals/supported_size_decimals,,lab/data/day8_raw/lighter_brent_book_ok.json
lighter,market_id=159,order_book_level,,2026-08-11T01:52:35.515567+00:00,bid,11,87.08,86.1086,base,missing_source_timestamp,order_level_remaining,supported_price_decimals/supported_size_decimals,,lab/data/day8_raw/lighter_brent_book_ok.json
lighter,market_id=159,order_book_level,,2026-08-11T01:52:35.515567+00:00,bid,12,87.08,86.098,base,missing_source_timestamp,order_level_remaining,supported_price_decimals/supported_size_decimals,,lab/data/day8_raw/lighter_brent_book_ok.json
lighter,market_id=159,order_book_level,,2026-08-11T01:52:35.515567+00:00,bid,13,87.08,6.8903,base,missing_source_timestamp,order_level_remaining,supported_price_decimals/supported_size_decimals,,lab/data/day8_raw/lighter_brent_book_ok.json
lighter,market_id=159,order_book_level,,2026-08-11T01:52:35.515567+00:00,bid,14,87.08,17.2822,base,missing_source_timestamp,order_level_remaining,supported_price_decimals/supported_size_decimals,,lab/data/day8_raw/lighter_brent_book_ok.json
lighter,market_id=159,order_book_level,,2026-08-11T01:52:35.515567+00:00,bid,15,87.07,68.91,base,missing_source_timestamp,order_level_remaining,supported_price_decimals/supported_size_decimals,,lab/data/day8_raw/lighter_brent_book_ok.json
lighter,market_id=159,order_book_level,,2026-08-11T01:52:35.515567+00:00,bid,16,87.07,6.8911,base,missing_source_timestamp,order_level_remaining,supported_price_decimals/supported_size_decimals,,lab/data/day8_raw/lighter_brent_book_ok.json
lighter,market_id=159,order_book_level,,2026-08-11T01:52:35.515567+00:00,bid,17,87.07,34.0599,base,missing_source_timestamp,order_level_remaining,supported_price_decimals/supported_size_decimals,,lab/data/day8_raw/lighter_brent_book_ok.json
lighter,market_id=159,order_book_level,,2026-08-11T01:52:35.515567+00:00,bid,18,87.07,172.2063,base,missing_source_timestamp,order_level_remaining,supported_price_decimals/supported_size_decimals,,lab/data/day8_raw/lighter_brent_book_ok.json
lighter,market_id=159,order_book_level,,2026-08-11T01:52:35.515567+00:00,bid,19,87.07,11.4707,base,missing_source_timestamp,order_level_remaining,supported_price_decimals/supported_size_decimals,,lab/data/day8_raw/lighter_brent_book_ok.json
lighter,market_id=159,order_book_level,,2026-08-11T01:52:35.515567+00:00,ask,0,87.13,11.4668,base,missing_source_timestamp,order_level_remaining,supported_price_decimals/supported_size_decimals,,lab/data/day8_raw/lighter_brent_book_ok.json
lighter,market_id=159,order_book_level,,2026-08-11T01:52:35.515567+00:00,ask,1,87.13,1.6632,base,missing_source_timestamp,order_level_remaining,supported_price_decimals/supported_size_decimals,,lab/data/day8_raw/lighter_brent_book_ok.json
lighter,market_id=159,order_book_level,,2026-08-11T01:52:35.515567+00:00,ask,2,87.14,2.2343,base,missing_source_timestamp,order_level_remaining,supported_price_decimals/supported_size_decimals,,lab/data/day8_raw/lighter_brent_book_ok.json
lighter,market_id=159,order_book_level,,2026-08-11T01:52:35.515567+00:00,ask,3,87.15,6.8847,base,missing_source_timestamp,order_level_remaining,supported_price_decimals/supported_size_decimals,,lab/data/day8_raw/lighter_brent_book_ok.json
lighter,market_id=159,order_book_level,,2026-08-11T01:52:35.515567+00:00,ask,4,87.15,99.423,base,missing_source_timestamp,order_level_remaining,supported_price_decimals/supported_size_decimals,,lab/data/day8_raw/lighter_brent_book_ok.json
lighter,market_id=159,order_book_level,,2026-08-11T01:52:35.515567+00:00,ask,5,87.16,6.8839,base,missing_source_timestamp,order_level_remaining,supported_price_decimals/supported_size_decimals,,lab/data/day8_raw/lighter_brent_book_ok.json
lighter,market_id=159,order_book_level,,2026-08-11T01:52:35.515567+00:00,ask,6,87.16,21.6,base,missing_source_timestamp,order_level_remaining,supported_price_decimals/supported_size_decimals,,lab/data/day8_raw/lighter_brent_book_ok.json
lighter,market_id=159,order_book_level,,2026-08-11T01:52:35.515567+00:00,ask,7,87.16,17.2822,base,missing_source_timestamp,order_level_remaining,supported_price_decimals/supported_size_decimals,,lab/data/day8_raw/lighter_brent_book_ok.json
lighter,market_id=159,order_book_level,,2026-08-11T01:52:35.515567+00:00,ask,8,87.16,34.0599,base,missing_source_timestamp,order_level_remaining,supported_price_decimals/supported_size_decimals,,lab/data/day8_raw/lighter_brent_book_ok.json
lighter,market_id=159,order_book_level,,2026-08-11T01:52:35.515567+00:00,ask,9,87.17,6.8832,base,missing_source_timestamp,order_level_remaining,supported_price_decimals/supported_size_decimals,,lab/data/day8_raw/lighter_brent_book_ok.json
lighter,market_id=159,order_book_level,,2026-08-11T01:52:35.515567+00:00,ask,10,87.17,68.8744,base,missing_source_timestamp,order_level_remaining,supported_price_decimals/supported_size_decimals,,lab/data/day8_raw/lighter_brent_book_ok.json
lighter,market_id=159,order_book_level,,2026-08-11T01:52:35.515567+00:00,ask,11,87.18,6.8824,base,missing_source_timestamp,order_level_remaining,supported_price_decimals/supported_size_decimals,,lab/data/day8_raw/lighter_brent_book_ok.json
lighter,market_id=159,order_book_level,,2026-08-11T01:52:35.515567+00:00,ask,12,87.19,6.8816,base,missing_source_timestamp,order_level_remaining,supported_price_decimals/supported_size_decimals,,lab/data/day8_raw/lighter_brent_book_ok.json
lighter,market_id=159,order_book_level,,2026-08-11T01:52:35.515567+00:00,ask,13,87.19,643.066,base,missing_source_timestamp,order_level_remaining,supported_price_decimals/supported_size_decimals,,lab/data/day8_raw/lighter_brent_book_ok.json
lighter,market_id=159,order_book_level,,2026-08-11T01:52:35.515567+00:00,ask,14,87.2,69.0012,base,missing_source_timestamp,order_level_remaining,supported_price_decimals/supported_size_decimals,,lab/data/day8_raw/lighter_brent_book_ok.json
lighter,market_id=159,order_book_level,,2026-08-11T01:52:35.515567+00:00,ask,15,87.2,6.8808,base,missing_source_timestamp,order_level_remaining,supported_price_decimals/supported_size_decimals,,lab/data/day8_raw/lighter_brent_book_ok.json
lighter,market_id=159,order_book_level,,2026-08-11T01:52:35.515567+00:00,ask,16,87.2,229.3621,base,missing_source_timestamp,order_level_remaining,supported_price_decimals/supported_size_decimals,,lab/data/day8_raw/lighter_brent_book_ok.json
lighter,market_id=159,order_book_level,,2026-08-11T01:52:35.515567+00:00,ask,17,87.21,1195.9576,base,missing_source_timestamp,order_level_remaining,supported_price_decimals/supported_size_decimals,,lab/data/day8_raw/lighter_brent_book_ok.json
lighter,market_id=159,order_book_level,,2026-08-11T01:52:35.515567+00:00,ask,18,87.21,6.88,base,missing_source_timestamp,order_level_remaining,supported_price_decimals/supported_size_decimals,,lab/data/day8_raw/lighter_brent_book_ok.json
lighter,market_id=159,order_book_level,,2026-08-11T01:52:35.515567+00:00,ask,19,87.21,172.2063,base,missing_source_timestamp,order_level_remaining,supported_price_decimals/supported_size_decimals,,lab/data/day8_raw/lighter_brent_book_ok.json
binance,BTCUSDT,order_book_level,2026-08-11T01:50:46.005000+00:00,2026-08-11T01:50:45.983331+00:00,bid,0,64026.4,14.774,base,event_time_E,aggregated,pricePrecision/quantityPrecision,,lab/data/day8_raw/binance_book.json
binance,BTCUSDT,order_book_level,2026-08-11T01:50:46.005000+00:00,2026-08-11T01:50:45.983331+00:00,bid,1,64026.3,0.038,base,event_time_E,aggregated,pricePrecision/quantityPrecision,,lab/data/day8_raw/binance_book.json
binance,BTCUSDT,order_book_level,2026-08-11T01:50:46.005000+00:00,2026-08-11T01:50:45.983331+00:00,bid,2,64026.2,0.032,base,event_time_E,aggregated,pricePrecision/quantityPrecision,,lab/data/day8_raw/binance_book.json
binance,BTCUSDT,order_book_level,2026-08-11T01:50:46.005000+00:00,2026-08-11T01:50:45.983331+00:00,bid,3,64026.1,0.001,base,event_time_E,aggregated,pricePrecision/quantityPrecision,,lab/data/day8_raw/binance_book.json
binance,BTCUSDT,order_book_level,2026-08-11T01:50:46.005000+00:00,2026-08-11T01:50:45.983331+00:00,bid,4,64026,0.325,base,event_time_E,aggregated,pricePrecision/quantityPrecision,,lab/data/day8_raw/binance_book.json
binance,BTCUSDT,order_book_level,2026-08-11T01:50:46.005000+00:00,2026-08-11T01:50:45.983331+00:00,bid,5,64025.7,0.052,base,event_time_E,aggregated,pricePrecision/quantityPrecision,,lab/data/day8_raw/binance_book.json
binance,BTCUSDT,order_book_level,2026-08-11T01:50:46.005000+00:00,2026-08-11T01:50:45.983331+00:00,bid,6,64025.6,0.682,base,event_time_E,aggregated,pricePrecision/quantityPrecision,,lab/data/day8_raw/binance_book.json
binance,BTCUSDT,order_book_level,2026-08-11T01:50:46.005000+00:00,2026-08-11T01:50:45.983331+00:00,bid,7,64025.4,0.034,base,event_time_E,aggregated,pricePrecision/quantityPrecision,,lab/data/day8_raw/binance_book.json
binance,BTCUSDT,order_book_level,2026-08-11T01:50:46.005000+00:00,2026-08-11T01:50:45.983331+00:00,bid,8,64025.3,0.117,base,event_time_E,aggregated,pricePrecision/quantityPrecision,,lab/data/day8_raw/binance_book.json
binance,BTCUSDT,order_book_level,2026-08-11T01:50:46.005000+00:00,2026-08-11T01:50:45.983331+00:00,bid,9,64025.2,0.001,base,event_time_E,aggregated,pricePrecision/quantityPrecision,,lab/data/day8_raw/binance_book.json
binance,BTCUSDT,order_book_level,2026-08-11T01:50:46.005000+00:00,2026-08-11T01:50:45.983331+00:00,bid,10,64025.1,0.003,base,event_time_E,aggregated,pricePrecision/quantityPrecision,,lab/data/day8_raw/binance_book.json
binance,BTCUSDT,order_book_level,2026-08-11T01:50:46.005000+00:00,2026-08-11T01:50:45.983331+00:00,bid,11,64025,1.337,base,event_time_E,aggregated,pricePrecision/quantityPrecision,,lab/data/day8_raw/binance_book.json
binance,BTCUSDT,order_book_level,2026-08-11T01:50:46.005000+00:00,2026-08-11T01:50:45.983331+00:00,bid,12,64024.9,0.004,base,event_time_E,aggregated,pricePrecision/quantityPrecision,,lab/data/day8_raw/binance_book.json
binance,BTCUSDT,order_book_level,2026-08-11T01:50:46.005000+00:00,2026-08-11T01:50:45.983331+00:00,bid,13,64024.7,0.002,base,event_time_E,aggregated,pricePrecision/quantityPrecision,,lab/data/day8_raw/binance_book.json
binance,BTCUSDT,order_book_level,2026-08-11T01:50:46.005000+00:00,2026-08-11T01:50:45.983331+00:00,bid,14,64024.6,0.001,base,event_time_E,aggregated,pricePrecision/quantityPrecision,,lab/data/day8_raw/binance_book.json
binance,BTCUSDT,order_book_level,2026-08-11T01:50:46.005000+00:00,2026-08-11T01:50:45.983331+00:00,bid,15,64024.5,0.01,base,event_time_E,aggregated,pricePrecision/quantityPrecision,,lab/data/day8_raw/binance_book.json
binance,BTCUSDT,order_book_level,2026-08-11T01:50:46.005000+00:00,2026-08-11T01:50:45.983331+00:00,bid,16,64024.4,0.058,base,event_time_E,aggregated,pricePrecision/quantityPrecision,,lab/data/day8_raw/binance_book.json
binance,BTCUSDT,order_book_level,2026-08-11T01:50:46.005000+00:00,2026-08-11T01:50:45.983331+00:00,bid,17,64024.3,1.333,base,event_time_E,aggregated,pricePrecision/quantityPrecision,,lab/data/day8_raw/binance_book.json
binance,BTCUSDT,order_book_level,2026-08-11T01:50:46.005000+00:00,2026-08-11T01:50:45.983331+00:00,bid,18,64024.2,0.382,base,event_time_E,aggregated,pricePrecision/quantityPrecision,,lab/data/day8_raw/binance_book.json
binance,BTCUSDT,order_book_level,2026-08-11T01:50:46.005000+00:00,2026-08-11T01:50:45.983331+00:00,bid,19,64024.1,2.503,base,event_time_E,aggregated,pricePrecision/quantityPrecision,,lab/data/day8_raw/binance_book.json
binance,BTCUSDT,order_book_level,2026-08-11T01:50:46.005000+00:00,2026-08-11T01:50:45.983331+00:00,ask,0,64026.5,4.679,base,event_time_E,aggregated,pricePrecision/quantityPrecision,,lab/data/day8_raw/binance_book.json
binance,BTCUSDT,order_book_level,2026-08-11T01:50:46.005000+00:00,2026-08-11T01:50:45.983331+00:00,ask,1,64026.6,0.007,base,event_time_E,aggregated,pricePrecision/quantityPrecision,,lab/data/day8_raw/binance_book.json
binance,BTCUSDT,order_book_level,2026-08-11T01:50:46.005000+00:00,2026-08-11T01:50:45.983331+00:00,ask,2,64027,1.925,base,event_time_E,aggregated,pricePrecision/quantityPrecision,,lab/data/day8_raw/binance_book.json
binance,BTCUSDT,order_book_level,2026-08-11T01:50:46.005000+00:00,2026-08-11T01:50:45.983331+00:00,ask,3,64027.1,0.002,base,event_time_E,aggregated,pricePrecision/quantityPrecision,,lab/data/day8_raw/binance_book.json
binance,BTCUSDT,order_book_level,2026-08-11T01:50:46.005000+00:00,2026-08-11T01:50:45.983331+00:00,ask,4,64027.2,0.179,base,event_time_E,aggregated,pricePrecision/quantityPrecision,,lab/data/day8_raw/binance_book.json
binance,BTCUSDT,order_book_level,2026-08-11T01:50:46.005000+00:00,2026-08-11T01:50:45.983331+00:00,ask,5,64027.4,0.003,base,event_time_E,aggregated,pricePrecision/quantityPrecision,,lab/data/day8_raw/binance_book.json
binance,BTCUSDT,order_book_level,2026-08-11T01:50:46.005000+00:00,2026-08-11T01:50:45.983331+00:00,ask,6,64027.5,0.001,base,event_time_E,aggregated,pricePrecision/quantityPrecision,,lab/data/day8_raw/binance_book.json
binance,BTCUSDT,order_book_level,2026-08-11T01:50:46.005000+00:00,2026-08-11T01:50:45.983331+00:00,ask,7,64027.6,0.033,base,event_time_E,aggregated,pricePrecision/quantityPrecision,,lab/data/day8_raw/binance_book.json
binance,BTCUSDT,order_book_level,2026-08-11T01:50:46.005000+00:00,2026-08-11T01:50:45.983331+00:00,ask,8,64027.7,2.034,base,event_time_E,aggregated,pricePrecision/quantityPrecision,,lab/data/day8_raw/binance_book.json
binance,BTCUSDT,order_book_level,2026-08-11T01:50:46.005000+00:00,2026-08-11T01:50:45.983331+00:00,ask,9,64027.8,0.004,base,event_time_E,aggregated,pricePrecision/quantityPrecision,,lab/data/day8_raw/binance_book.json
binance,BTCUSDT,order_book_level,2026-08-11T01:50:46.005000+00:00,2026-08-11T01:50:45.983331+00:00,ask,10,64027.9,0.001,base,event_time_E,aggregated,pricePrecision/quantityPrecision,,lab/data/day8_raw/binance_book.json
binance,BTCUSDT,order_book_level,2026-08-11T01:50:46.005000+00:00,2026-08-11T01:50:45.983331+00:00,ask,11,64028,0.053,base,event_time_E,aggregated,pricePrecision/quantityPrecision,,lab/data/day8_raw/binance_book.json
binance,BTCUSDT,order_book_level,2026-08-11T01:50:46.005000+00:00,2026-08-11T01:50:45.983331+00:00,ask,12,64028.1,0.007,base,event_time_E,aggregated,pricePrecision/quantityPrecision,,lab/data/day8_raw/binance_book.json
binance,BTCUSDT,order_book_level,2026-08-11T01:50:46.005000+00:00,2026-08-11T01:50:45.983331+00:00,ask,13,64028.3,0.001,base,event_time_E,aggregated,pricePrecision/quantityPrecision,,lab/data/day8_raw/binance_book.json
binance,BTCUSDT,order_book_level,2026-08-11T01:50:46.005000+00:00,2026-08-11T01:50:45.983331+00:00,ask,14,64028.4,0.007,base,event_time_E,aggregated,pricePrecision/quantityPrecision,,lab/data/day8_raw/binance_book.json
binance,BTCUSDT,order_book_level,2026-08-11T01:50:46.005000+00:00,2026-08-11T01:50:45.983331+00:00,ask,15,64028.5,0.036,base,event_time_E,aggregated,pricePrecision/quantityPrecision,,lab/data/day8_raw/binance_book.json
binance,BTCUSDT,order_book_level,2026-08-11T01:50:46.005000+00:00,2026-08-11T01:50:45.983331+00:00,ask,16,64028.7,0.001,base,event_time_E,aggregated,pricePrecision/quantityPrecision,,lab/data/day8_raw/binance_book.json
binance,BTCUSDT,order_book_level,2026-08-11T01:50:46.005000+00:00,2026-08-11T01:50:45.983331+00:00,ask,17,64028.8,0.021,base,event_time_E,aggregated,pricePrecision/quantityPrecision,,lab/data/day8_raw/binance_book.json
binance,BTCUSDT,order_book_level,2026-08-11T01:50:46.005000+00:00,2026-08-11T01:50:45.983331+00:00,ask,18,64028.9,0.001,base,event_time_E,aggregated,pricePrecision/quantityPrecision,,lab/data/day8_raw/binance_book.json
binance,BTCUSDT,order_book_level,2026-08-11T01:50:46.005000+00:00,2026-08-11T01:50:45.983331+00:00,ask,19,64029,0.002,base,event_time_E,aggregated,pricePrecision/quantityPrecision,,lab/data/day8_raw/binance_book.json
hyperliquid,BTC,order_book_level,2026-08-11T01:50:45.742000+00:00,2026-08-11T01:50:46.308683+00:00,bid,0,64033,22.36121,base,book_time,aggregated_n=48,szDecimals,,lab/data/day8_raw/hyperliquid_l2book.json
hyperliquid,BTC,order_book_level,2026-08-11T01:50:45.742000+00:00,2026-08-11T01:50:46.308683+00:00,bid,1,64032,2.97895,base,book_time,aggregated_n=10,szDecimals,,lab/data/day8_raw/hyperliquid_l2book.json
hyperliquid,BTC,order_book_level,2026-08-11T01:50:45.742000+00:00,2026-08-11T01:50:46.308683+00:00,bid,2,64031,2.36602,base,book_time,aggregated_n=17,szDecimals,,lab/data/day8_raw/hyperliquid_l2book.json
hyperliquid,BTC,order_book_level,2026-08-11T01:50:45.742000+00:00,2026-08-11T01:50:46.308683+00:00,bid,3,64030,7.54528,base,book_time,aggregated_n=14,szDecimals,,lab/data/day8_raw/hyperliquid_l2book.json
hyperliquid,BTC,order_book_level,2026-08-11T01:50:45.742000+00:00,2026-08-11T01:50:46.308683+00:00,bid,4,64029,2.95022,base,book_time,aggregated_n=5,szDecimals,,lab/data/day8_raw/hyperliquid_l2book.json
hyperliquid,BTC,order_book_level,2026-08-11T01:50:45.742000+00:00,2026-08-11T01:50:46.308683+00:00,bid,5,64028,3.17871,base,book_time,aggregated_n=5,szDecimals,,lab/data/day8_raw/hyperliquid_l2book.json
hyperliquid,BTC,order_book_level,2026-08-11T01:50:45.742000+00:00,2026-08-11T01:50:46.308683+00:00,bid,6,64027,5.07673,base,book_time,aggregated_n=8,szDecimals,,lab/data/day8_raw/hyperliquid_l2book.json
hyperliquid,BTC,order_book_level,2026-08-11T01:50:45.742000+00:00,2026-08-11T01:50:46.308683+00:00,bid,7,64026,8.86209,base,book_time,aggregated_n=11,szDecimals,,lab/data/day8_raw/hyperliquid_l2book.json
hyperliquid,BTC,order_book_level,2026-08-11T01:50:45.742000+00:00,2026-08-11T01:50:46.308683+00:00,bid,8,64025,1.43625,base,book_time,aggregated_n=8,szDecimals,,lab/data/day8_raw/hyperliquid_l2book.json
hyperliquid,BTC,order_book_level,2026-08-11T01:50:45.742000+00:00,2026-08-11T01:50:46.308683+00:00,bid,9,64024,17.21277,base,book_time,aggregated_n=5,szDecimals,,lab/data/day8_raw/hyperliquid_l2book.json
hyperliquid,BTC,order_book_level,2026-08-11T01:50:45.742000+00:00,2026-08-11T01:50:46.308683+00:00,bid,10,64023,6.98725,base,book_time,aggregated_n=6,szDecimals,,lab/data/day8_raw/hyperliquid_l2book.json
hyperliquid,BTC,order_book_level,2026-08-11T01:50:45.742000+00:00,2026-08-11T01:50:46.308683+00:00,bid,11,64022,22.32655,base,book_time,aggregated_n=9,szDecimals,,lab/data/day8_raw/hyperliquid_l2book.json
hyperliquid,BTC,order_book_level,2026-08-11T01:50:45.742000+00:00,2026-08-11T01:50:46.308683+00:00,bid,12,64021,22.28871,base,book_time,aggregated_n=8,szDecimals,,lab/data/day8_raw/hyperliquid_l2book.json
hyperliquid,BTC,order_book_level,2026-08-11T01:50:45.742000+00:00,2026-08-11T01:50:46.308683+00:00,bid,13,64020,6.92487,base,book_time,aggregated_n=11,szDecimals,,lab/data/day8_raw/hyperliquid_l2book.json
hyperliquid,BTC,order_book_level,2026-08-11T01:50:45.742000+00:00,2026-08-11T01:50:46.308683+00:00,bid,14,64019,1.28454,base,book_time,aggregated_n=5,szDecimals,,lab/data/day8_raw/hyperliquid_l2book.json
hyperliquid,BTC,order_book_level,2026-08-11T01:50:45.742000+00:00,2026-08-11T01:50:46.308683+00:00,bid,15,64018,2.58866,base,book_time,aggregated_n=5,szDecimals,,lab/data/day8_raw/hyperliquid_l2book.json
hyperliquid,BTC,order_book_level,2026-08-11T01:50:45.742000+00:00,2026-08-11T01:50:46.308683+00:00,bid,16,64017,4.76963,base,book_time,aggregated_n=8,szDecimals,,lab/data/day8_raw/hyperliquid_l2book.json
hyperliquid,BTC,order_book_level,2026-08-11T01:50:45.742000+00:00,2026-08-11T01:50:46.308683+00:00,bid,17,64016,3.39529,base,book_time,aggregated_n=5,szDecimals,,lab/data/day8_raw/hyperliquid_l2book.json
hyperliquid,BTC,order_book_level,2026-08-11T01:50:45.742000+00:00,2026-08-11T01:50:46.308683+00:00,bid,18,64015,5.66913,base,book_time,aggregated_n=8,szDecimals,,lab/data/day8_raw/hyperliquid_l2book.json
hyperliquid,BTC,order_book_level,2026-08-11T01:50:45.742000+00:00,2026-08-11T01:50:46.308683+00:00,bid,19,64014,18.7602,base,book_time,aggregated_n=8,szDecimals,,lab/data/day8_raw/hyperliquid_l2book.json
hyperliquid,BTC,order_book_level,2026-08-11T01:50:45.742000+00:00,2026-08-11T01:50:46.308683+00:00,ask,0,64034,4.80057,base,book_time,aggregated_n=10,szDecimals,,lab/data/day8_raw/hyperliquid_l2book.json
hyperliquid,BTC,order_book_level,2026-08-11T01:50:45.742000+00:00,2026-08-11T01:50:46.308683+00:00,ask,1,64037,1.42083,base,book_time,aggregated_n=3,szDecimals,,lab/data/day8_raw/hyperliquid_l2book.json
hyperliquid,BTC,order_book_level,2026-08-11T01:50:45.742000+00:00,2026-08-11T01:50:46.308683+00:00,ask,2,64038,0.01,base,book_time,aggregated_n=1,szDecimals,,lab/data/day8_raw/hyperliquid_l2book.json
hyperliquid,BTC,order_book_level,2026-08-11T01:50:45.742000+00:00,2026-08-11T01:50:46.308683+00:00,ask,3,64040,1.3631,base,book_time,aggregated_n=1,szDecimals,,lab/data/day8_raw/hyperliquid_l2book.json
hyperliquid,BTC,order_book_level,2026-08-11T01:50:45.742000+00:00,2026-08-11T01:50:46.308683+00:00,ask,4,64041,0.18816,base,book_time,aggregated_n=3,szDecimals,,lab/data/day8_raw/hyperliquid_l2book.json
hyperliquid,BTC,order_book_level,2026-08-11T01:50:45.742000+00:00,2026-08-11T01:50:46.308683+00:00,ask,5,64042,0.01658,base,book_time,aggregated_n=3,szDecimals,,lab/data/day8_raw/hyperliquid_l2book.json
hyperliquid,BTC,order_book_level,2026-08-11T01:50:45.742000+00:00,2026-08-11T01:50:46.308683+00:00,ask,6,64043,1.55045,base,book_time,aggregated_n=4,szDecimals,,lab/data/day8_raw/hyperliquid_l2book.json
hyperliquid,BTC,order_book_level,2026-08-11T01:50:45.742000+00:00,2026-08-11T01:50:46.308683+00:00,ask,7,64044,0.80223,base,book_time,aggregated_n=3,szDecimals,,lab/data/day8_raw/hyperliquid_l2book.json
hyperliquid,BTC,order_book_level,2026-08-11T01:50:45.742000+00:00,2026-08-11T01:50:46.308683+00:00,ask,8,64045,1.85222,base,book_time,aggregated_n=6,szDecimals,,lab/data/day8_raw/hyperliquid_l2book.json
hyperliquid,BTC,order_book_level,2026-08-11T01:50:45.742000+00:00,2026-08-11T01:50:46.308683+00:00,ask,9,64046,4.7976,base,book_time,aggregated_n=8,szDecimals,,lab/data/day8_raw/hyperliquid_l2book.json
hyperliquid,BTC,order_book_level,2026-08-11T01:50:45.742000+00:00,2026-08-11T01:50:46.308683+00:00,ask,10,64047,2.76126,base,book_time,aggregated_n=6,szDecimals,,lab/data/day8_raw/hyperliquid_l2book.json
hyperliquid,BTC,order_book_level,2026-08-11T01:50:45.742000+00:00,2026-08-11T01:50:46.308683+00:00,ask,11,64048,1.37886,base,book_time,aggregated_n=11,szDecimals,,lab/data/day8_raw/hyperliquid_l2book.json
hyperliquid,BTC,order_book_level,2026-08-11T01:50:45.742000+00:00,2026-08-11T01:50:46.308683+00:00,ask,12,64049,6.78194,base,book_time,aggregated_n=16,szDecimals,,lab/data/day8_raw/hyperliquid_l2book.json
hyperliquid,BTC,order_book_level,2026-08-11T01:50:45.742000+00:00,2026-08-11T01:50:46.308683+00:00,ask,13,64050,4.15228,base,book_time,aggregated_n=10,szDecimals,,lab/data/day8_raw/hyperliquid_l2book.json
hyperliquid,BTC,order_book_level,2026-08-11T01:50:45.742000+00:00,2026-08-11T01:50:46.308683+00:00,ask,14,64051,2.40623,base,book_time,aggregated_n=8,szDecimals,,lab/data/day8_raw/hyperliquid_l2book.json
hyperliquid,BTC,order_book_level,2026-08-11T01:50:45.742000+00:00,2026-08-11T01:50:46.308683+00:00,ask,15,64052,6.07683,base,book_time,aggregated_n=9,szDecimals,,lab/data/day8_raw/hyperliquid_l2book.json
hyperliquid,BTC,order_book_level,2026-08-11T01:50:45.742000+00:00,2026-08-11T01:50:46.308683+00:00,ask,16,64053,4.2533,base,book_time,aggregated_n=9,szDecimals,,lab/data/day8_raw/hyperliquid_l2book.json
hyperliquid,BTC,order_book_level,2026-08-11T01:50:45.742000+00:00,2026-08-11T01:50:46.308683+00:00,ask,17,64054,2.69738,base,book_time,aggregated_n=6,szDecimals,,lab/data/day8_raw/hyperliquid_l2book.json
hyperliquid,BTC,order_book_level,2026-08-11T01:50:45.742000+00:00,2026-08-11T01:50:46.308683+00:00,ask,18,64055,3.06383,base,book_time,aggregated_n=9,szDecimals,,lab/data/day8_raw/hyperliquid_l2book.json
hyperliquid,BTC,order_book_level,2026-08-11T01:50:45.742000+00:00,2026-08-11T01:50:46.308683+00:00,ask,19,64056,8.30211,base,book_time,aggregated_n=8,szDecimals,,lab/data/day8_raw/hyperliquid_l2book.json
binance,BTCUSDT,order_book_level,2026-08-09T16:00:00+00:00,2026-08-11T01:50:46.309843+00:00,funding,0,,7.054e-05,rate_per_period,funding_time_ms,rate_value,N/A,,lab/data/day8_raw/binance_funding.json
binance,BTCUSDT,order_book_level,2026-08-10T00:00:00.001000+00:00,2026-08-11T01:50:46.309843+00:00,funding,0,,7.497e-05,rate_per_period,funding_time_ms,rate_value,N/A,,lab/data/day8_raw/binance_funding.json
binance,BTCUSDT,order_book_level,2026-08-10T08:00:00.005000+00:00,2026-08-11T01:50:46.309843+00:00,funding,0,,7.908e-05,rate_per_period,funding_time_ms,rate_value,N/A,,lab/data/day8_raw/binance_funding.json
binance,BTCUSDT,order_book_level,2026-08-10T16:00:00+00:00,2026-08-11T01:50:46.309843+00:00,funding,0,,5.057e-05,rate_per_period,funding_time_ms,rate_value,N/A,,lab/data/day8_raw/binance_funding.json
binance,BTCUSDT,order_book_level,2026-08-11T00:00:00+00:00,2026-08-11T01:50:46.309843+00:00,funding,0,,2.301e-05,rate_per_period,funding_time_ms,rate_value,N/A,,lab/data/day8_raw/binance_funding.json
hyperliquid,BTC,order_book_level,2026-08-04T03:00:00.036000+00:00,2026-08-11T02:01:58.573269+00:00,funding,0,,1.25e-05,rate_per_period,funding_time_ms,rate_value,N/A,,lab/data/day8_raw/hyperliquid_funding_recent.json
hyperliquid,BTC,order_book_level,2026-08-04T04:00:00.044000+00:00,2026-08-11T02:01:58.573269+00:00,funding,0,,1.25e-05,rate_per_period,funding_time_ms,rate_value,N/A,,lab/data/day8_raw/hyperliquid_funding_recent.json
hyperliquid,BTC,order_book_level,2026-08-04T05:00:00.001000+00:00,2026-08-11T02:01:58.573269+00:00,funding,0,,1.25e-05,rate_per_period,funding_time_ms,rate_value,N/A,,lab/data/day8_raw/hyperliquid_funding_recent.json
hyperliquid,BTC,order_book_level,2026-08-04T06:00:00.063000+00:00,2026-08-11T02:01:58.573269+00:00,funding,0,,4.559e-07,rate_per_period,funding_time_ms,rate_value,N/A,,lab/data/day8_raw/hyperliquid_funding_recent.json
hyperliquid,BTC,order_book_level,2026-08-04T07:00:00.016000+00:00,2026-08-11T02:01:58.573269+00:00,funding,0,,-1.2592e-06,rate_per_period,funding_time_ms,rate_value,N/A,,lab/data/day8_raw/hyperliquid_funding_recent.json
hyperliquid,BTC,order_book_level,2026-08-04T08:00:00.083000+00:00,2026-08-11T02:01:58.573269+00:00,funding,0,,8.7776e-06,rate_per_period,funding_time_ms,rate_value,N/A,,lab/data/day8_raw/hyperliquid_funding_recent.json
hyperliquid,BTC,order_book_level,2026-08-04T09:00:00.027000+00:00,2026-08-11T02:01:58.573269+00:00,funding,0,,-2.0694e-06,rate_per_period,funding_time_ms,rate_value,N/A,,lab/data/day8_raw/hyperliquid_funding_recent.json
hyperliquid,BTC,order_book_level,2026-08-04T10:00:00.067000+00:00,2026-08-11T02:01:58.573269+00:00,funding,0,,-7.7132e-06,rate_per_period,funding_time_ms,rate_value,N/A,,lab/data/day8_raw/hyperliquid_funding_recent.json
hyperliquid,BTC,order_book_level,2026-08-04T11:00:00.006000+00:00,2026-08-11T02:01:58.573269+00:00,funding,0,,3.9385e-06,rate_per_period,funding_time_ms,rate_value,N/A,,lab/data/day8_raw/hyperliquid_funding_recent.json
hyperliquid,BTC,order_book_level,2026-08-04T12:00:00.003000+00:00,2026-08-11T02:01:58.573269+00:00,funding,0,,1.22203e-05,rate_per_period,funding_time_ms,rate_value,N/A,,lab/data/day8_raw/hyperliquid_funding_recent.json
hyperliquid,BTC,order_book_level,2026-08-04T13:00:00.003000+00:00,2026-08-11T02:01:58.573269+00:00,funding,0,,7.61e-06,rate_per_period,funding_time_ms,rate_value,N/A,,lab/data/day8_raw/hyperliquid_funding_recent.json
hyperliquid,BTC,order_book_level,2026-08-04T14:00:00.001000+00:00,2026-08-11T02:01:58.573269+00:00,funding,0,,6.6402e-06,rate_per_period,funding_time_ms,rate_value,N/A,,lab/data/day8_raw/hyperliquid_funding_recent.json
hyperliquid,BTC,order_book_level,2026-08-04T15:00:00.069000+00:00,2026-08-11T02:01:58.573269+00:00,funding,0,,6.6378e-06,rate_per_period,funding_time_ms,rate_value,N/A,,lab/data/day8_raw/hyperliquid_funding_recent.json
hyperliquid,BTC,order_book_level,2026-08-04T16:00:00.006000+00:00,2026-08-11T02:01:58.573269+00:00,funding,0,,5.5411e-06,rate_per_period,funding_time_ms,rate_value,N/A,,lab/data/day8_raw/hyperliquid_funding_recent.json
hyperliquid,BTC,order_book_level,2026-08-04T17:00:00.035000+00:00,2026-08-11T02:01:58.573269+00:00,funding,0,,1.945e-06,rate_per_period,funding_time_ms,rate_value,N/A,,lab/data/day8_raw/hyperliquid_funding_recent.json
hyperliquid,BTC,order_book_level,2026-08-04T18:00:00.001000+00:00,2026-08-11T02:01:58.573269+00:00,funding,0,,2.923e-06,rate_per_period,funding_time_ms,rate_value,N/A,,lab/data/day8_raw/hyperliquid_funding_recent.json
hyperliquid,BTC,order_book_level,2026-08-04T19:00:00.033000+00:00,2026-08-11T02:01:58.573269+00:00,funding,0,,-9.478e-07,rate_per_period,funding_time_ms,rate_value,N/A,,lab/data/day8_raw/hyperliquid_funding_recent.json
hyperliquid,BTC,order_book_level,2026-08-04T20:00:00.036000+00:00,2026-08-11T02:01:58.573269+00:00,funding,0,,2.897e-06,rate_per_period,funding_time_ms,rate_value,N/A,,lab/data/day8_raw/hyperliquid_funding_recent.json
hyperliquid,BTC,order_book_level,2026-08-04T21:00:00.011000+00:00,2026-08-11T02:01:58.573269+00:00,funding,0,,5.014e-06,rate_per_period,funding_time_ms,rate_value,N/A,,lab/data/day8_raw/hyperliquid_funding_recent.json
hyperliquid,BTC,order_book_level,2026-08-04T22:00:00.082000+00:00,2026-08-11T02:01:58.573269+00:00,funding,0,,2.6213e-06,rate_per_period,funding_time_ms,rate_value,N/A,,lab/data/day8_raw/hyperliquid_funding_recent.json
hyperliquid,BTC,order_book_level,2026-08-04T23:00:00.045000+00:00,2026-08-11T02:01:58.573269+00:00,funding,0,,7.2214e-06,rate_per_period,funding_time_ms,rate_value,N/A,,lab/data/day8_raw/hyperliquid_funding_recent.json
hyperliquid,BTC,order_book_level,2026-08-05T00:00:00.040000+00:00,2026-08-11T02:01:58.573269+00:00,funding,0,,-4.7586e-06,rate_per_period,funding_time_ms,rate_value,N/A,,lab/data/day8_raw/hyperliquid_funding_recent.json
hyperliquid,BTC,order_book_level,2026-08-05T01:00:00.007000+00:00,2026-08-11T02:01:58.573269+00:00,funding,0,,-6.3896e-06,rate_per_period,funding_time_ms,rate_value,N/A,,lab/data/day8_raw/hyperliquid_funding_recent.json
hyperliquid,BTC,order_book_level,2026-08-05T02:00:00.060000+00:00,2026-08-11T02:01:58.573269+00:00,funding,0,,1.04449e-05,rate_per_period,funding_time_ms,rate_value,N/A,,lab/data/day8_raw/hyperliquid_funding_recent.json
hyperliquid,BTC,order_book_level,2026-08-05T03:00:00.032000+00:00,2026-08-11T02:01:58.573269+00:00,funding,0,,5.7148e-06,rate_per_period,funding_time_ms,rate_value,N/A,,lab/data/day8_raw/hyperliquid_funding_recent.json
hyperliquid,BTC,order_book_level,2026-08-05T04:00:00.019000+00:00,2026-08-11T02:01:58.573269+00:00,funding,0,,5.3112e-06,rate_per_period,funding_time_ms,rate_value,N/A,,lab/data/day8_raw/hyperliquid_funding_recent.json
hyperliquid,BTC,order_book_level,2026-08-05T05:00:00.043000+00:00,2026-08-11T02:01:58.573269+00:00,funding,0,,7.4786e-06,rate_per_period,funding_time_ms,rate_value,N/A,,lab/data/day8_raw/hyperliquid_funding_recent.json
hyperliquid,BTC,order_book_level,2026-08-05T06:00:00.010000+00:00,2026-08-11T02:01:58.573269+00:00,funding,0,,8.8746e-06,rate_per_period,funding_time_ms,rate_value,N/A,,lab/data/day8_raw/hyperliquid_funding_recent.json
hyperliquid,BTC,order_book_level,2026-08-05T07:00:00.013000+00:00,2026-08-11T02:01:58.573269+00:00,funding,0,,3.8049e-06,rate_per_period,funding_time_ms,rate_value,N/A,,lab/data/day8_raw/hyperliquid_funding_recent.json
hyperliquid,BTC,order_book_level,2026-08-05T08:00:00.065000+00:00,2026-08-11T02:01:58.573269+00:00,funding,0,,5.0181e-06,rate_per_period,funding_time_ms,rate_value,N/A,,lab/data/day8_raw/hyperliquid_funding_recent.json
hyperliquid,BTC,order_book_level,2026-08-05T09:00:00.021000+00:00,2026-08-11T02:01:58.573269+00:00,funding,0,,1.03047e-05,rate_per_period,funding_time_ms,rate_value,N/A,,lab/data/day8_raw/hyperliquid_funding_recent.json
hyperliquid,BTC,order_book_level,2026-08-05T10:00:00.029000+00:00,2026-08-11T02:01:58.573269+00:00,funding,0,,1.25e-05,rate_per_period,funding_time_ms,rate_value,N/A,,lab/data/day8_raw/hyperliquid_funding_recent.json
hyperliquid,BTC,order_book_level,2026-08-05T11:00:00.049000+00:00,2026-08-11T02:01:58.573269+00:00,funding,0,,2.342e-07,rate_per_period,funding_time_ms,rate_value,N/A,,lab/data/day8_raw/hyperliquid_funding_recent.json
hyperliquid,BTC,order_book_level,2026-08-05T12:00:00.016000+00:00,2026-08-11T02:01:58.573269+00:00,funding,0,,9.258e-07,rate_per_period,funding_time_ms,rate_value,N/A,,lab/data/day8_raw/hyperliquid_funding_recent.json
hyperliquid,BTC,order_book_level,2026-08-05T13:00:00.061000+00:00,2026-08-11T02:01:58.573269+00:00,funding,0,,-6.8206e-06,rate_per_period,funding_time_ms,rate_value,N/A,,lab/data/day8_raw/hyperliquid_funding_recent.json
hyperliquid,BTC,order_book_level,2026-08-05T14:00:00.038000+00:00,2026-08-11T02:01:58.573269+00:00,funding,0,,3.0143e-06,rate_per_period,funding_time_ms,rate_value,N/A,,lab/data/day8_raw/hyperliquid_funding_recent.json
hyperliquid,BTC,order_book_level,2026-08-05T15:00:00.063000+00:00,2026-08-11T02:01:58.573269+00:00,funding,0,,-4.6503e-06,rate_per_period,funding_time_ms,rate_value,N/A,,lab/data/day8_raw/hyperliquid_funding_recent.json
hyperliquid,BTC,order_book_level,2026-08-05T16:00:00.007000+00:00,2026-08-11T02:01:58.573269+00:00,funding,0,,-5.2202e-06,rate_per_period,funding_time_ms,rate_value,N/A,,lab/data/day8_raw/hyperliquid_funding_recent.json
hyperliquid,BTC,order_book_level,2026-08-05T17:00:00.068000+00:00,2026-08-11T02:01:58.573269+00:00,funding,0,,1.2631e-06,rate_per_period,funding_time_ms,rate_value,N/A,,lab/data/day8_raw/hyperliquid_funding_recent.json
hyperliquid,BTC,order_book_level,2026-08-05T18:00:00.014000+00:00,2026-08-11T02:01:58.573269+00:00,funding,0,,-1.6918e-06,rate_per_period,funding_time_ms,rate_value,N/A,,lab/data/day8_raw/hyperliquid_funding_recent.json
hyperliquid,BTC,order_book_level,2026-08-05T19:00:00.133000+00:00,2026-08-11T02:01:58.573269+00:00,funding,0,,6.5742e-06,rate_per_period,funding_time_ms,rate_value,N/A,,lab/data/day8_raw/hyperliquid_funding_recent.json
hyperliquid,BTC,order_book_level,2026-08-05T20:00:00.038000+00:00,2026-08-11T02:01:58.573269+00:00,funding,0,,3.9349e-06,rate_per_period,funding_time_ms,rate_value,N/A,,lab/data/day8_raw/hyperliquid_funding_recent.json
hyperliquid,BTC,order_book_level,2026-08-05T21:00:00.016000+00:00,2026-08-11T02:01:58.573269+00:00,funding,0,,1.7145e-06,rate_per_period,funding_time_ms,rate_value,N/A,,lab/data/day8_raw/hyperliquid_funding_recent.json
hyperliquid,BTC,order_book_level,2026-08-05T22:00:00.017000+00:00,2026-08-11T02:01:58.573269+00:00,funding,0,,-1.219e-07,rate_per_period,funding_time_ms,rate_value,N/A,,lab/data/day8_raw/hyperliquid_funding_recent.json
hyperliquid,BTC,order_book_level,2026-08-05T23:00:00.053000+00:00,2026-08-11T02:01:58.573269+00:00,funding,0,,-1.3185e-06,rate_per_period,funding_time_ms,rate_value,N/A,,lab/data/day8_raw/hyperliquid_funding_recent.json
hyperliquid,BTC,order_book_level,2026-08-06T00:00:00.034000+00:00,2026-08-11T02:01:58.573269+00:00,funding,0,,-6.356e-07,rate_per_period,funding_time_ms,rate_value,N/A,,lab/data/day8_raw/hyperliquid_funding_recent.json
hyperliquid,BTC,order_book_level,2026-08-06T01:00:00.017000+00:00,2026-08-11T02:01:58.573269+00:00,funding,0,,1.03837e-05,rate_per_period,funding_time_ms,rate_value,N/A,,lab/data/day8_raw/hyperliquid_funding_recent.json
hyperliquid,BTC,order_book_level,2026-08-06T02:00:00.016000+00:00,2026-08-11T02:01:58.573269+00:00,funding,0,,1.25e-05,rate_per_period,funding_time_ms,rate_value,N/A,,lab/data/day8_raw/hyperliquid_funding_recent.json
hyperliquid,BTC,order_book_level,2026-08-06T03:00:00+00:00,2026-08-11T02:01:58.573269+00:00,funding,0,,9.9985e-06,rate_per_period,funding_time_ms,rate_value,N/A,,lab/data/day8_raw/hyperliquid_funding_recent.json
hyperliquid,BTC,order_book_level,2026-08-06T04:00:00.043000+00:00,2026-08-11T02:01:58.573269+00:00,funding,0,,1.15095e-05,rate_per_period,funding_time_ms,rate_value,N/A,,lab/data/day8_raw/hyperliquid_funding_recent.json
hyperliquid,BTC,order_book_level,2026-08-06T05:00:00.018000+00:00,2026-08-11T02:01:58.573269+00:00,funding,0,,1.25e-05,rate_per_period,funding_time_ms,rate_value,N/A,,lab/data/day8_raw/hyperliquid_funding_recent.json
hyperliquid,BTC,order_book_level,2026-08-06T06:00:00.018000+00:00,2026-08-11T02:01:58.573269+00:00,funding,0,,4.5674e-06,rate_per_period,funding_time_ms,rate_value,N/A,,lab/data/day8_raw/hyperliquid_funding_recent.json
hyperliquid,BTC,order_book_level,2026-08-06T07:00:00.054000+00:00,2026-08-11T02:01:58.573269+00:00,funding,0,,5.0413e-06,rate_per_period,funding_time_ms,rate_value,N/A,,lab/data/day8_raw/hyperliquid_funding_recent.json
hyperliquid,BTC,order_book_level,2026-08-06T08:00:00.053000+00:00,2026-08-11T02:01:58.573269+00:00,funding,0,,-3.5615e-06,rate_per_period,funding_time_ms,rate_value,N/A,,lab/data/day8_raw/hyperliquid_funding_recent.json
hyperliquid,BTC,order_book_level,2026-08-06T09:00:00.043000+00:00,2026-08-11T02:01:58.573269+00:00,funding,0,,-1.04905e-05,rate_per_period,funding_time_ms,rate_value,N/A,,lab/data/day8_raw/hyperliquid_funding_recent.json
hyperliquid,BTC,order_book_level,2026-08-06T10:00:00.057000+00:00,2026-08-11T02:01:58.573269+00:00,funding,0,,-5.8254e-06,rate_per_period,funding_time_ms,rate_value,N/A,,lab/data/day8_raw/hyperliquid_funding_recent.json
hyperliquid,BTC,order_book_level,2026-08-06T11:00:00.016000+00:00,2026-08-11T02:01:58.573269+00:00,funding,0,,-8.9056e-06,rate_per_period,funding_time_ms,rate_value,N/A,,lab/data/day8_raw/hyperliquid_funding_recent.json
hyperliquid,BTC,order_book_level,2026-08-06T12:00:00.044000+00:00,2026-08-11T02:01:58.573269+00:00,funding,0,,1.6639e-06,rate_per_period,funding_time_ms,rate_value,N/A,,lab/data/day8_raw/hyperliquid_funding_recent.json
hyperliquid,BTC,order_book_level,2026-08-06T13:00:00.075000+00:00,2026-08-11T02:01:58.573269+00:00,funding,0,,6.2042e-06,rate_per_period,funding_time_ms,rate_value,N/A,,lab/data/day8_raw/hyperliquid_funding_recent.json
hyperliquid,BTC,order_book_level,2026-08-06T14:00:00.005000+00:00,2026-08-11T02:01:58.573269+00:00,funding,0,,1.21793e-05,rate_per_period,funding_time_ms,rate_value,N/A,,lab/data/day8_raw/hyperliquid_funding_recent.json
hyperliquid,BTC,order_book_level,2026-08-06T15:00:00.061000+00:00,2026-08-11T02:01:58.573269+00:00,funding,0,,2.8139e-06,rate_per_period,funding_time_ms,rate_value,N/A,,lab/data/day8_raw/hyperliquid_funding_recent.json
hyperliquid,BTC,order_book_level,2026-08-06T16:00:00.013000+00:00,2026-08-11T02:01:58.573269+00:00,funding,0,,7.47e-07,rate_per_period,funding_time_ms,rate_value,N/A,,lab/data/day8_raw/hyperliquid_funding_recent.json
hyperliquid,BTC,order_book_level,2026-08-06T17:00:00.090000+00:00,2026-08-11T02:01:58.573269+00:00,funding,0,,7.0769e-06,rate_per_period,funding_time_ms,rate_value,N/A,,lab/data/day8_raw/hyperliquid_funding_recent.json
hyperliquid,BTC,order_book_level,2026-08-06T18:00:00.024000+00:00,2026-08-11T02:01:58.573269+00:00,funding,0,,1.1275e-06,rate_per_period,funding_time_ms,rate_value,N/A,,lab/data/day8_raw/hyperliquid_funding_recent.json
hyperliquid,BTC,order_book_level,2026-08-06T19:00:00.007000+00:00,2026-08-11T02:01:58.573269+00:00,funding,0,,3.3755e-06,rate_per_period,funding_time_ms,rate_value,N/A,,lab/data/day8_raw/hyperliquid_funding_recent.json
hyperliquid,BTC,order_book_level,2026-08-06T20:00:00.058000+00:00,2026-08-11T02:01:58.573269+00:00,funding,0,,4.2382e-06,rate_per_period,funding_time_ms,rate_value,N/A,,lab/data/day8_raw/hyperliquid_funding_recent.json
hyperliquid,BTC,order_book_level,2026-08-06T21:00:00.092000+00:00,2026-08-11T02:01:58.573269+00:00,funding,0,,8.1899e-06,rate_per_period,funding_time_ms,rate_value,N/A,,lab/data/day8_raw/hyperliquid_funding_recent.json
hyperliquid,BTC,order_book_level,2026-08-06T22:00:00.021000+00:00,2026-08-11T02:01:58.573269+00:00,funding,0,,4.0959e-06,rate_per_period,funding_time_ms,rate_value,N/A,,lab/data/day8_raw/hyperliquid_funding_recent.json
hyperliquid,BTC,order_book_level,2026-08-06T23:00:00.017000+00:00,2026-08-11T02:01:58.573269+00:00,funding,0,,5.7432e-06,rate_per_period,funding_time_ms,rate_value,N/A,,lab/data/day8_raw/hyperliquid_funding_recent.json
hyperliquid,BTC,order_book_level,2026-08-07T00:00:00.071000+00:00,2026-08-11T02:01:58.573269+00:00,funding,0,,6.722e-06,rate_per_period,funding_time_ms,rate_value,N/A,,lab/data/day8_raw/hyperliquid_funding_recent.json
hyperliquid,BTC,order_book_level,2026-08-07T01:00:00.023000+00:00,2026-08-11T02:01:58.573269+00:00,funding,0,,6.6714e-06,rate_per_period,funding_time_ms,rate_value,N/A,,lab/data/day8_raw/hyperliquid_funding_recent.json
hyperliquid,BTC,order_book_level,2026-08-07T02:00:00.044000+00:00,2026-08-11T02:01:58.573269+00:00,funding,0,,6.3921e-06,rate_per_period,funding_time_ms,rate_value,N/A,,lab/data/day8_raw/hyperliquid_funding_recent.json
hyperliquid,BTC,order_book_level,2026-08-07T03:00:00.048000+00:00,2026-08-11T02:01:58.573269+00:00,funding,0,,9.5502e-06,rate_per_period,funding_time_ms,rate_value,N/A,,lab/data/day8_raw/hyperliquid_funding_recent.json
hyperliquid,BTC,order_book_level,2026-08-07T04:00:00+00:00,2026-08-11T02:01:58.573269+00:00,funding,0,,8.2941e-06,rate_per_period,funding_time_ms,rate_value,N/A,,lab/data/day8_raw/hyperliquid_funding_recent.json
hyperliquid,BTC,order_book_level,2026-08-07T05:00:00.013000+00:00,2026-08-11T02:01:58.573269+00:00,funding,0,,1.25e-05,rate_per_period,funding_time_ms,rate_value,N/A,,lab/data/day8_raw/hyperliquid_funding_recent.json
hyperliquid,BTC,order_book_level,2026-08-07T06:00:00.046000+00:00,2026-08-11T02:01:58.573269+00:00,funding,0,,6.1596e-06,rate_per_period,funding_time_ms,rate_value,N/A,,lab/data/day8_raw/hyperliquid_funding_recent.json
hyperliquid,BTC,order_book_level,2026-08-07T07:00:00.038000+00:00,2026-08-11T02:01:58.573269+00:00,funding,0,,4.4936e-06,rate_per_period,funding_time_ms,rate_value,N/A,,lab/data/day8_raw/hyperliquid_funding_recent.json
hyperliquid,BTC,order_book_level,2026-08-07T08:00:00.012000+00:00,2026-08-11T02:01:58.573269+00:00,funding,0,,5.3571e-06,rate_per_period,funding_time_ms,rate_value,N/A,,lab/data/day8_raw/hyperliquid_funding_recent.json
hyperliquid,BTC,order_book_level,2026-08-07T09:00:00.017000+00:00,2026-08-11T02:01:58.573269+00:00,funding,0,,4.812e-06,rate_per_period,funding_time_ms,rate_value,N/A,,lab/data/day8_raw/hyperliquid_funding_recent.json
hyperliquid,BTC,order_book_level,2026-08-07T10:00:00+00:00,2026-08-11T02:01:58.573269+00:00,funding,0,,-4.6295e-06,rate_per_period,funding_time_ms,rate_value,N/A,,lab/data/day8_raw/hyperliquid_funding_recent.json
hyperliquid,BTC,order_book_level,2026-08-07T11:00:00.051000+00:00,2026-08-11T02:01:58.573269+00:00,funding,0,,-9.9657e-06,rate_per_period,funding_time_ms,rate_value,N/A,,lab/data/day8_raw/hyperliquid_funding_recent.json
hyperliquid,BTC,order_book_level,2026-08-07T12:00:00.050000+00:00,2026-08-11T02:01:58.573269+00:00,funding,0,,7.517e-07,rate_per_period,funding_time_ms,rate_value,N/A,,lab/data/day8_raw/hyperliquid_funding_recent.json
hyperliquid,BTC,order_book_level,2026-08-07T13:00:00.003000+00:00,2026-08-11T02:01:58.573269+00:00,funding,0,,-3.6871e-06,rate_per_period,funding_time_ms,rate_value,N/A,,lab/data/day8_raw/hyperliquid_funding_recent.json
hyperliquid,BTC,order_book_level,2026-08-07T14:00:00.035000+00:00,2026-08-11T02:01:58.573269+00:00,funding,0,,-7.3377e-06,rate_per_period,funding_time_ms,rate_value,N/A,,lab/data/day8_raw/hyperliquid_funding_recent.json
hyperliquid,BTC,order_book_level,2026-08-07T15:00:00.012000+00:00,2026-08-11T02:01:58.573269+00:00,funding,0,,2.1433e-06,rate_per_period,funding_time_ms,rate_value,N/A,,lab/data/day8_raw/hyperliquid_funding_recent.json
hyperliquid,BTC,order_book_level,2026-08-07T16:00:00.008000+00:00,2026-08-11T02:01:58.573269+00:00,funding,0,,4.6864e-06,rate_per_period,funding_time_ms,rate_value,N/A,,lab/data/day8_raw/hyperliquid_funding_recent.json
hyperliquid,BTC,order_book_level,2026-08-07T17:00:00.017000+00:00,2026-08-11T02:01:58.573269+00:00,funding,0,,2.7028e-06,rate_per_period,funding_time_ms,rate_value,N/A,,lab/data/day8_raw/hyperliquid_funding_recent.json
hyperliquid,BTC,order_book_level,2026-08-07T18:00:00.061000+00:00,2026-08-11T02:01:58.573269+00:00,funding,0,,7.7279e-06,rate_per_period,funding_time_ms,rate_value,N/A,,lab/data/day8_raw/hyperliquid_funding_recent.json
hyperliquid,BTC,order_book_level,2026-08-07T19:00:00.031000+00:00,2026-08-11T02:01:58.573269+00:00,funding,0,,1.8628e-06,rate_per_period,funding_time_ms,rate_value,N/A,,lab/data/day8_raw/hyperliquid_funding_recent.json
hyperliquid,BTC,order_book_level,2026-08-07T20:00:00.028000+00:00,2026-08-11T02:01:58.573269+00:00,funding,0,,-6.363e-07,rate_per_period,funding_time_ms,rate_value,N/A,,lab/data/day8_raw/hyperliquid_funding_recent.json
hyperliquid,BTC,order_book_level,2026-08-07T21:00:00.024000+00:00,2026-08-11T02:01:58.573269+00:00,funding,0,,-3.1677e-06,rate_per_period,funding_time_ms,rate_value,N/A,,lab/data/day8_raw/hyperliquid_funding_recent.json
hyperliquid,BTC,order_book_level,2026-08-07T22:00:00.013000+00:00,2026-08-11T02:01:58.573269+00:00,funding,0,,-2.8326e-06,rate_per_period,funding_time_ms,rate_value,N/A,,lab/data/day8_raw/hyperliquid_funding_recent.json
hyperliquid,BTC,order_book_level,2026-08-07T23:00:00.070000+00:00,2026-08-11T02:01:58.573269+00:00,funding,0,,-6.2416e-06,rate_per_period,funding_time_ms,rate_value,N/A,,lab/data/day8_raw/hyperliquid_funding_recent.json
hyperliquid,BTC,order_book_level,2026-08-08T00:00:00.060000+00:00,2026-08-11T02:01:58.573269+00:00,funding,0,,-3.4878e-06,rate_per_period,funding_time_ms,rate_value,N/A,,lab/data/day8_raw/hyperliquid_funding_recent.json
hyperliquid,BTC,order_book_level,2026-08-08T01:00:00.011000+00:00,2026-08-11T02:01:58.573269+00:00,funding,0,,-2.6263e-06,rate_per_period,funding_time_ms,rate_value,N/A,,lab/data/day8_raw/hyperliquid_funding_recent.json
hyperliquid,BTC,order_book_level,2026-08-08T02:00:00.046000+00:00,2026-08-11T02:01:58.573269+00:00,funding,0,,-6.448e-07,rate_per_period,funding_time_ms,rate_value,N/A,,lab/data/day8_raw/hyperliquid_funding_recent.json
hyperliquid,BTC,order_book_level,2026-08-08T03:00:00.038000+00:00,2026-08-11T02:01:58.573269+00:00,funding,0,,-8.053e-07,rate_per_period,funding_time_ms,rate_value,N/A,,lab/data/day8_raw/hyperliquid_funding_recent.json
hyperliquid,BTC,order_book_level,2026-08-08T04:00:00.048000+00:00,2026-08-11T02:01:58.573269+00:00,funding,0,,3.4063e-06,rate_per_period,funding_time_ms,rate_value,N/A,,lab/data/day8_raw/hyperliquid_funding_recent.json
hyperliquid,BTC,order_book_level,2026-08-08T05:00:00.025000+00:00,2026-08-11T02:01:58.573269+00:00,funding,0,,7.973e-06,rate_per_period,funding_time_ms,rate_value,N/A,,lab/data/day8_raw/hyperliquid_funding_recent.json
hyperliquid,BTC,order_book_level,2026-08-08T06:00:00.010000+00:00,2026-08-11T02:01:58.573269+00:00,funding,0,,4.4602e-06,rate_per_period,funding_time_ms,rate_value,N/A,,lab/data/day8_raw/hyperliquid_funding_recent.json
hyperliquid,BTC,order_book_level,2026-08-08T07:00:00.028000+00:00,2026-08-11T02:01:58.573269+00:00,funding,0,,7.5793e-06,rate_per_period,funding_time_ms,rate_value,N/A,,lab/data/day8_raw/hyperliquid_funding_recent.json
hyperliquid,BTC,order_book_level,2026-08-08T08:00:00.037000+00:00,2026-08-11T02:01:58.573269+00:00,funding,0,,1.8676e-06,rate_per_period,funding_time_ms,rate_value,N/A,,lab/data/day8_raw/hyperliquid_funding_recent.json
hyperliquid,BTC,order_book_level,2026-08-08T09:00:00.020000+00:00,2026-08-11T02:01:58.573269+00:00,funding,0,,7.1859e-06,rate_per_period,funding_time_ms,rate_value,N/A,,lab/data/day8_raw/hyperliquid_funding_recent.json
hyperliquid,BTC,order_book_level,2026-08-08T10:00:00.032000+00:00,2026-08-11T02:01:58.573269+00:00,funding,0,,5.5989e-06,rate_per_period,funding_time_ms,rate_value,N/A,,lab/data/day8_raw/hyperliquid_funding_recent.json
hyperliquid,BTC,order_book_level,2026-08-08T11:00:00.028000+00:00,2026-08-11T02:01:58.573269+00:00,funding,0,,7.3031e-06,rate_per_period,funding_time_ms,rate_value,N/A,,lab/data/day8_raw/hyperliquid_funding_recent.json
hyperliquid,BTC,order_book_level,2026-08-08T12:00:00.039000+00:00,2026-08-11T02:01:58.573269+00:00,funding,0,,1.9064e-06,rate_per_period,funding_time_ms,rate_value,N/A,,lab/data/day8_raw/hyperliquid_funding_recent.json
hyperliquid,BTC,order_book_level,2026-08-08T13:00:00.048000+00:00,2026-08-11T02:01:58.573269+00:00,funding,0,,2.249e-07,rate_per_period,funding_time_ms,rate_value,N/A,,lab/data/day8_raw/hyperliquid_funding_recent.json
hyperliquid,BTC,order_book_level,2026-08-08T14:00:00.061000+00:00,2026-08-11T02:01:58.573269+00:00,funding,0,,3.7403e-06,rate_per_period,funding_time_ms,rate_value,N/A,,lab/data/day8_raw/hyperliquid_funding_recent.json
hyperliquid,BTC,order_book_level,2026-08-08T15:00:00.039000+00:00,2026-08-11T02:01:58.573269+00:00,funding,0,,1.03643e-05,rate_per_period,funding_time_ms,rate_value,N/A,,lab/data/day8_raw/hyperliquid_funding_recent.json
hyperliquid,BTC,order_book_level,2026-08-08T16:00:00.048000+00:00,2026-08-11T02:01:58.573269+00:00,funding,0,,1.16551e-05,rate_per_period,funding_time_ms,rate_value,N/A,,lab/data/day8_raw/hyperliquid_funding_recent.json
hyperliquid,BTC,order_book_level,2026-08-08T17:00:00.045000+00:00,2026-08-11T02:01:58.573269+00:00,funding,0,,1.25e-05,rate_per_period,funding_time_ms,rate_value,N/A,,lab/data/day8_raw/hyperliquid_funding_recent.json
hyperliquid,BTC,order_book_level,2026-08-08T18:00:00.001000+00:00,2026-08-11T02:01:58.573269+00:00,funding,0,,1.25e-05,rate_per_period,funding_time_ms,rate_value,N/A,,lab/data/day8_raw/hyperliquid_funding_recent.json
hyperliquid,BTC,order_book_level,2026-08-08T19:00:00.054000+00:00,2026-08-11T02:01:58.573269+00:00,funding,0,,7.9939e-06,rate_per_period,funding_time_ms,rate_value,N/A,,lab/data/day8_raw/hyperliquid_funding_recent.json
hyperliquid,BTC,order_book_level,2026-08-08T20:00:00.029000+00:00,2026-08-11T02:01:58.573269+00:00,funding,0,,5.799e-07,rate_per_period,funding_time_ms,rate_value,N/A,,lab/data/day8_raw/hyperliquid_funding_recent.json
hyperliquid,BTC,order_book_level,2026-08-08T21:00:00.040000+00:00,2026-08-11T02:01:58.573269+00:00,funding,0,,7.632e-07,rate_per_period,funding_time_ms,rate_value,N/A,,lab/data/day8_raw/hyperliquid_funding_recent.json
hyperliquid,BTC,order_book_level,2026-08-08T22:00:00.055000+00:00,2026-08-11T02:01:58.573269+00:00,funding,0,,1.0885e-06,rate_per_period,funding_time_ms,rate_value,N/A,,lab/data/day8_raw/hyperliquid_funding_recent.json
hyperliquid,BTC,order_book_level,2026-08-08T23:00:00.029000+00:00,2026-08-11T02:01:58.573269+00:00,funding,0,,-4.6189e-06,rate_per_period,funding_time_ms,rate_value,N/A,,lab/data/day8_raw/hyperliquid_funding_recent.json
hyperliquid,BTC,order_book_level,2026-08-09T00:00:00.006000+00:00,2026-08-11T02:01:58.573269+00:00,funding,0,,5.8834e-06,rate_per_period,funding_time_ms,rate_value,N/A,,lab/data/day8_raw/hyperliquid_funding_recent.json
hyperliquid,BTC,order_book_level,2026-08-09T01:00:00.048000+00:00,2026-08-11T02:01:58.573269+00:00,funding,0,,4.6458e-06,rate_per_period,funding_time_ms,rate_value,N/A,,lab/data/day8_raw/hyperliquid_funding_recent.json
hyperliquid,BTC,order_book_level,2026-08-09T02:00:00.010000+00:00,2026-08-11T02:01:58.573269+00:00,funding,0,,7.7206e-06,rate_per_period,funding_time_ms,rate_value,N/A,,lab/data/day8_raw/hyperliquid_funding_recent.json
hyperliquid,BTC,order_book_level,2026-08-09T03:00:00.022000+00:00,2026-08-11T02:01:58.573269+00:00,funding,0,,6.1763e-06,rate_per_period,funding_time_ms,rate_value,N/A,,lab/data/day8_raw/hyperliquid_funding_recent.json
hyperliquid,BTC,order_book_level,2026-08-09T04:00:00.019000+00:00,2026-08-11T02:01:58.573269+00:00,funding,0,,6.9998e-06,rate_per_period,funding_time_ms,rate_value,N/A,,lab/data/day8_raw/hyperliquid_funding_recent.json
hyperliquid,BTC,order_book_level,2026-08-09T05:00:00.037000+00:00,2026-08-11T02:01:58.573269+00:00,funding,0,,7.5926e-06,rate_per_period,funding_time_ms,rate_value,N/A,,lab/data/day8_raw/hyperliquid_funding_recent.json
hyperliquid,BTC,order_book_level,2026-08-09T06:00:00.035000+00:00,2026-08-11T02:01:58.573269+00:00,funding,0,,8.1233e-06,rate_per_period,funding_time_ms,rate_value,N/A,,lab/data/day8_raw/hyperliquid_funding_recent.json
hyperliquid,BTC,order_book_level,2026-08-09T07:00:00.066000+00:00,2026-08-11T02:01:58.573269+00:00,funding,0,,6.3524e-06,rate_per_period,funding_time_ms,rate_value,N/A,,lab/data/day8_raw/hyperliquid_funding_recent.json
hyperliquid,BTC,order_book_level,2026-08-09T08:00:00.003000+00:00,2026-08-11T02:01:58.573269+00:00,funding,0,,3.771e-06,rate_per_period,funding_time_ms,rate_value,N/A,,lab/data/day8_raw/hyperliquid_funding_recent.json
hyperliquid,BTC,order_book_level,2026-08-09T09:00:00.034000+00:00,2026-08-11T02:01:58.573269+00:00,funding,0,,4.5137e-06,rate_per_period,funding_time_ms,rate_value,N/A,,lab/data/day8_raw/hyperliquid_funding_recent.json
hyperliquid,BTC,order_book_level,2026-08-09T10:00:00.046000+00:00,2026-08-11T02:01:58.573269+00:00,funding,0,,1.25e-05,rate_per_period,funding_time_ms,rate_value,N/A,,lab/data/day8_raw/hyperliquid_funding_recent.json
hyperliquid,BTC,order_book_level,2026-08-09T11:00:00.046000+00:00,2026-08-11T02:01:58.573269+00:00,funding,0,,7.4875e-06,rate_per_period,funding_time_ms,rate_value,N/A,,lab/data/day8_raw/hyperliquid_funding_recent.json
hyperliquid,BTC,order_book_level,2026-08-09T12:00:00.041000+00:00,2026-08-11T02:01:58.573269+00:00,funding,0,,1.21653e-05,rate_per_period,funding_time_ms,rate_value,N/A,,lab/data/day8_raw/hyperliquid_funding_recent.json
hyperliquid,BTC,order_book_level,2026-08-09T13:00:00.020000+00:00,2026-08-11T02:01:58.573269+00:00,funding,0,,2.9844e-06,rate_per_period,funding_time_ms,rate_value,N/A,,lab/data/day8_raw/hyperliquid_funding_recent.json
hyperliquid,BTC,order_book_level,2026-08-09T14:00:00.018000+00:00,2026-08-11T02:01:58.573269+00:00,funding,0,,8.6098e-06,rate_per_period,funding_time_ms,rate_value,N/A,,lab/data/day8_raw/hyperliquid_funding_recent.json
hyperliquid,BTC,order_book_level,2026-08-09T15:00:00.054000+00:00,2026-08-11T02:01:58.573269+00:00,funding,0,,5.1382e-06,rate_per_period,funding_time_ms,rate_value,N/A,,lab/data/day8_raw/hyperliquid_funding_recent.json
hyperliquid,BTC,order_book_level,2026-08-09T16:00:00.032000+00:00,2026-08-11T02:01:58.573269+00:00,funding,0,,-1.7894e-06,rate_per_period,funding_time_ms,rate_value,N/A,,lab/data/day8_raw/hyperliquid_funding_recent.json
hyperliquid,BTC,order_book_level,2026-08-09T17:00:00.013000+00:00,2026-08-11T02:01:58.573269+00:00,funding,0,,5.7059e-06,rate_per_period,funding_time_ms,rate_value,N/A,,lab/data/day8_raw/hyperliquid_funding_recent.json
hyperliquid,BTC,order_book_level,2026-08-09T18:00:00.017000+00:00,2026-08-11T02:01:58.573269+00:00,funding,0,,-2.0509e-06,rate_per_period,funding_time_ms,rate_value,N/A,,lab/data/day8_raw/hyperliquid_funding_recent.json
hyperliquid,BTC,order_book_level,2026-08-09T19:00:00.035000+00:00,2026-08-11T02:01:58.573269+00:00,funding,0,,-3.5059e-06,rate_per_period,funding_time_ms,rate_value,N/A,,lab/data/day8_raw/hyperliquid_funding_recent.json
hyperliquid,BTC,order_book_level,2026-08-09T20:00:00.032000+00:00,2026-08-11T02:01:58.573269+00:00,funding,0,,7.1602e-06,rate_per_period,funding_time_ms,rate_value,N/A,,lab/data/day8_raw/hyperliquid_funding_recent.json
hyperliquid,BTC,order_book_level,2026-08-09T21:00:00.021000+00:00,2026-08-11T02:01:58.573269+00:00,funding,0,,1.2476e-06,rate_per_period,funding_time_ms,rate_value,N/A,,lab/data/day8_raw/hyperliquid_funding_recent.json
hyperliquid,BTC,order_book_level,2026-08-09T22:00:00.020000+00:00,2026-08-11T02:01:58.573269+00:00,funding,0,,8.8951e-06,rate_per_period,funding_time_ms,rate_value,N/A,,lab/data/day8_raw/hyperliquid_funding_recent.json
hyperliquid,BTC,order_book_level,2026-08-09T23:00:00.017000+00:00,2026-08-11T02:01:58.573269+00:00,funding,0,,8.2009e-06,rate_per_period,funding_time_ms,rate_value,N/A,,lab/data/day8_raw/hyperliquid_funding_recent.json
hyperliquid,BTC,order_book_level,2026-08-10T00:00:00.029000+00:00,2026-08-11T02:01:58.573269+00:00,funding,0,,4.4336e-06,rate_per_period,funding_time_ms,rate_value,N/A,,lab/data/day8_raw/hyperliquid_funding_recent.json
hyperliquid,BTC,order_book_level,2026-08-10T01:00:00.030000+00:00,2026-08-11T02:01:58.573269+00:00,funding,0,,5.9101e-06,rate_per_period,funding_time_ms,rate_value,N/A,,lab/data/day8_raw/hyperliquid_funding_recent.json
hyperliquid,BTC,order_book_level,2026-08-10T02:00:00.015000+00:00,2026-08-11T02:01:58.573269+00:00,funding,0,,8.5157e-06,rate_per_period,funding_time_ms,rate_value,N/A,,lab/data/day8_raw/hyperliquid_funding_recent.json
hyperliquid,BTC,order_book_level,2026-08-10T03:00:00.079000+00:00,2026-08-11T02:01:58.573269+00:00,funding,0,,1.01357e-05,rate_per_period,funding_time_ms,rate_value,N/A,,lab/data/day8_raw/hyperliquid_funding_recent.json
hyperliquid,BTC,order_book_level,2026-08-10T04:00:00.005000+00:00,2026-08-11T02:01:58.573269+00:00,funding,0,,9.1852e-06,rate_per_period,funding_time_ms,rate_value,N/A,,lab/data/day8_raw/hyperliquid_funding_recent.json
hyperliquid,BTC,order_book_level,2026-08-10T05:00:00.028000+00:00,2026-08-11T02:01:58.573269+00:00,funding,0,,1.25e-05,rate_per_period,funding_time_ms,rate_value,N/A,,lab/data/day8_raw/hyperliquid_funding_recent.json
hyperliquid,BTC,order_book_level,2026-08-10T06:00:00.066000+00:00,2026-08-11T02:01:58.573269+00:00,funding,0,,1.25e-05,rate_per_period,funding_time_ms,rate_value,N/A,,lab/data/day8_raw/hyperliquid_funding_recent.json
hyperliquid,BTC,order_book_level,2026-08-10T07:00:00.068000+00:00,2026-08-11T02:01:58.573269+00:00,funding,0,,5.4127e-06,rate_per_period,funding_time_ms,rate_value,N/A,,lab/data/day8_raw/hyperliquid_funding_recent.json
hyperliquid,BTC,order_book_level,2026-08-10T08:00:00.043000+00:00,2026-08-11T02:01:58.573269+00:00,funding,0,,1.16814e-05,rate_per_period,funding_time_ms,rate_value,N/A,,lab/data/day8_raw/hyperliquid_funding_recent.json
hyperliquid,BTC,order_book_level,2026-08-10T09:00:00.010000+00:00,2026-08-11T02:01:58.573269+00:00,funding,0,,9.5582e-06,rate_per_period,funding_time_ms,rate_value,N/A,,lab/data/day8_raw/hyperliquid_funding_recent.json
hyperliquid,BTC,order_book_level,2026-08-10T10:00:00.067000+00:00,2026-08-11T02:01:58.573269+00:00,funding,0,,1.25e-05,rate_per_period,funding_time_ms,rate_value,N/A,,lab/data/day8_raw/hyperliquid_funding_recent.json
hyperliquid,BTC,order_book_level,2026-08-10T11:00:00.043000+00:00,2026-08-11T02:01:58.573269+00:00,funding,0,,1.25e-05,rate_per_period,funding_time_ms,rate_value,N/A,,lab/data/day8_raw/hyperliquid_funding_recent.json
hyperliquid,BTC,order_book_level,2026-08-10T12:00:00.013000+00:00,2026-08-11T02:01:58.573269+00:00,funding,0,,1.25e-05,rate_per_period,funding_time_ms,rate_value,N/A,,lab/data/day8_raw/hyperliquid_funding_recent.json
hyperliquid,BTC,order_book_level,2026-08-10T13:00:00.029000+00:00,2026-08-11T02:01:58.573269+00:00,funding,0,,1.25e-05,rate_per_period,funding_time_ms,rate_value,N/A,,lab/data/day8_raw/hyperliquid_funding_recent.json
hyperliquid,BTC,order_book_level,2026-08-10T14:00:00.065000+00:00,2026-08-11T02:01:58.573269+00:00,funding,0,,1.25e-05,rate_per_period,funding_time_ms,rate_value,N/A,,lab/data/day8_raw/hyperliquid_funding_recent.json
hyperliquid,BTC,order_book_level,2026-08-10T15:00:00.001000+00:00,2026-08-11T02:01:58.573269+00:00,funding,0,,1.25e-05,rate_per_period,funding_time_ms,rate_value,N/A,,lab/data/day8_raw/hyperliquid_funding_recent.json
hyperliquid,BTC,order_book_level,2026-08-10T16:00:00.020000+00:00,2026-08-11T02:01:58.573269+00:00,funding,0,,1.25e-05,rate_per_period,funding_time_ms,rate_value,N/A,,lab/data/day8_raw/hyperliquid_funding_recent.json
hyperliquid,BTC,order_book_level,2026-08-10T17:00:00.047000+00:00,2026-08-11T02:01:58.573269+00:00,funding,0,,1.25e-05,rate_per_period,funding_time_ms,rate_value,N/A,,lab/data/day8_raw/hyperliquid_funding_recent.json
hyperliquid,BTC,order_book_level,2026-08-10T18:00:00.012000+00:00,2026-08-11T02:01:58.573269+00:00,funding,0,,1.25e-05,rate_per_period,funding_time_ms,rate_value,N/A,,lab/data/day8_raw/hyperliquid_funding_recent.json
hyperliquid,BTC,order_book_level,2026-08-10T19:00:00.045000+00:00,2026-08-11T02:01:58.573269+00:00,funding,0,,1.25e-05,rate_per_period,funding_time_ms,rate_value,N/A,,lab/data/day8_raw/hyperliquid_funding_recent.json
hyperliquid,BTC,order_book_level,2026-08-10T20:00:00.074000+00:00,2026-08-11T02:01:58.573269+00:00,funding,0,,1.25e-05,rate_per_period,funding_time_ms,rate_value,N/A,,lab/data/day8_raw/hyperliquid_funding_recent.json
hyperliquid,BTC,order_book_level,2026-08-10T21:00:00.052000+00:00,2026-08-11T02:01:58.573269+00:00,funding,0,,1.25e-05,rate_per_period,funding_time_ms,rate_value,N/A,,lab/data/day8_raw/hyperliquid_funding_recent.json
hyperliquid,BTC,order_book_level,2026-08-10T22:00:00.028000+00:00,2026-08-11T02:01:58.573269+00:00,funding,0,,1.25e-05,rate_per_period,funding_time_ms,rate_value,N/A,,lab/data/day8_raw/hyperliquid_funding_recent.json
hyperliquid,BTC,order_book_level,2026-08-10T23:00:00.066000+00:00,2026-08-11T02:01:58.573269+00:00,funding,0,,1.25e-05,rate_per_period,funding_time_ms,rate_value,N/A,,lab/data/day8_raw/hyperliquid_funding_recent.json
hyperliquid,BTC,order_book_level,2026-08-11T00:00:00.019000+00:00,2026-08-11T02:01:58.573269+00:00,funding,0,,1.25e-05,rate_per_period,funding_time_ms,rate_value,N/A,,lab/data/day8_raw/hyperliquid_funding_recent.json
hyperliquid,BTC,order_book_level,2026-08-11T01:00:00.033000+00:00,2026-08-11T02:01:58.573269+00:00,funding,0,,1.25e-05,rate_per_period,funding_time_ms,rate_value,N/A,,lab/data/day8_raw/hyperliquid_funding_recent.json
hyperliquid,BTC,order_book_level,2026-08-11T02:00:00.013000+00:00,2026-08-11T02:01:58.573269+00:00,funding,0,,1.25e-05,rate_per_period,funding_time_ms,rate_value,N/A,,lab/data/day8_raw/hyperliquid_funding_recent.json
